INTERVAL_DATETIME,BIN_NAME,BIDVOLUME
2021-06-04 00:05:00,"[5000, 10000)",40.0
2021-06-04 00:05:00,"[10000, 16500)",9.0
2021-06-04 00:10:00,"[5000, 10000)",40.0
2021-06-04 00:10:00,"[10000, 16500)",10.0
2021-06-04 00:15:00,"[5000, 10000)",40.0
2021-06-04 00:15:00,"[10000, 16500)",10.0
2021-06-04 00:20:00,"[5000, 10000)",40.0
2021-06-04 00:20:00,"[10000, 16500)",10.0
2021-06-04 00:25:00,"[5000, 10000)",40.0
2021-06-04 00:25:00,"[10000, 16500)",10.0
2021-06-04 00:30:00,"[5000, 10000)",40.0
2021-06-04 00:30:00,"[10000, 16500)",10.0
2021-06-04 00:35:00,"[5000, 10000)",40.0
2021-06-04 00:35:00,"[10000, 16500)",8.0
2021-06-04 00:40:00,"[5000, 10000)",40.0
2021-06-04 00:40:00,"[10000, 16500)",10.0
2021-06-04 00:45:00,"[5000, 10000)",40.0
2021-06-04 00:45:00,"[10000, 16500)",9.0
2021-06-04 00:50:00,"[5000, 10000)",40.0
2021-06-04 00:50:00,"[10000, 16500)",9.0
2021-06-04 00:55:00,"[5000, 10000)",40.0
2021-06-04 00:55:00,"[10000, 16500)",9.0
2021-06-04 01:00:00,"[5000, 10000)",40.0
2021-06-04 01:00:00,"[10000, 16500)",9.0
2021-06-04 01:05:00,"[5000, 10000)",40.0
2021-06-04 01:05:00,"[10000, 16500)",7.0
2021-06-04 01:10:00,"[5000, 10000)",40.0
2021-06-04 01:10:00,"[10000, 16500)",7.0
2021-06-04 01:15:00,"[5000, 10000)",40.0
2021-06-04 01:15:00,"[10000, 16500)",9.0
2021-06-04 01:20:00,"[5000, 10000)",40.0
2021-06-04 01:20:00,"[10000, 16500)",9.0
2021-06-04 01:25:00,"[5000, 10000)",40.0
2021-06-04 01:25:00,"[10000, 16500)",8.0
2021-06-04 01:30:00,"[5000, 10000)",40.0
2021-06-04 01:30:00,"[10000, 16500)",8.0
2021-06-04 01:35:00,"[5000, 10000)",40.0
2021-06-04 01:35:00,"[10000, 16500)",6.0
2021-06-04 01:40:00,"[5000, 10000)",40.0
2021-06-04 01:40:00,"[10000, 16500)",6.0
2021-06-04 01:45:00,"[5000, 10000)",25.0
2021-06-04 01:45:00,"[10000, 16500)",0.0
2021-06-04 01:50:00,"[5000, 10000)",25.0
2021-06-04 01:50:00,"[10000, 16500)",0.0
2021-06-04 01:55:00,"[5000, 10000)",25.0
2021-06-04 01:55:00,"[10000, 16500)",0.0
2021-06-04 02:00:00,"[5000, 10000)",25.0
2021-06-04 02:00:00,"[10000, 16500)",0.0
2021-06-04 02:05:00,"[5000, 10000)",40.0
2021-06-04 02:05:00,"[10000, 16500)",5.0
2021-06-04 02:10:00,"[5000, 10000)",25.0
2021-06-04 02:10:00,"[10000, 16500)",0.0
2021-06-04 02:15:00,"[5000, 10000)",25.0
2021-06-04 02:15:00,"[10000, 16500)",0.0
2021-06-04 02:20:00,"[5000, 10000)",25.0
2021-06-04 02:20:00,"[10000, 16500)",0.0
2021-06-04 02:25:00,"[5000, 10000)",25.0
2021-06-04 02:25:00,"[10000, 16500)",0.0
2021-06-04 02:30:00,"[5000, 10000)",25.0
2021-06-04 02:30:00,"[10000, 16500)",0.0
2021-06-04 02:35:00,"[5000, 10000)",40.0
2021-06-04 02:35:00,"[10000, 16500)",15.0
2021-06-04 02:40:00,"[5000, 10000)",25.0
2021-06-04 02:40:00,"[10000, 16500)",0.0
2021-06-04 02:45:00,"[5000, 10000)",25.0
2021-06-04 02:45:00,"[10000, 16500)",0.0
2021-06-04 02:50:00,"[5000, 10000)",25.0
2021-06-04 02:50:00,"[10000, 16500)",0.0
2021-06-04 02:55:00,"[5000, 10000)",25.0
2021-06-04 02:55:00,"[10000, 16500)",0.0
2021-06-04 03:00:00,"[5000, 10000)",25.0
2021-06-04 03:00:00,"[10000, 16500)",0.0
2021-06-04 03:05:00,"[5000, 10000)",40.0
2021-06-04 03:05:00,"[10000, 16500)",14.0
2021-06-04 03:10:00,"[5000, 10000)",25.0
2021-06-04 03:10:00,"[10000, 16500)",0.0
2021-06-04 03:15:00,"[5000, 10000)",25.0
2021-06-04 03:15:00,"[10000, 16500)",0.0
2021-06-04 03:20:00,"[5000, 10000)",25.0
2021-06-04 03:20:00,"[10000, 16500)",0.0
2021-06-04 03:25:00,"[5000, 10000)",25.0
2021-06-04 03:25:00,"[10000, 16500)",0.0
2021-06-04 03:30:00,"[5000, 10000)",25.0
2021-06-04 03:30:00,"[10000, 16500)",0.0
2021-06-04 03:35:00,"[5000, 10000)",40.0
2021-06-04 03:35:00,"[10000, 16500)",13.0
2021-06-04 03:40:00,"[5000, 10000)",25.0
2021-06-04 03:40:00,"[10000, 16500)",0.0
2021-06-04 03:45:00,"[5000, 10000)",25.0
2021-06-04 03:45:00,"[10000, 16500)",0.0
2021-06-04 03:50:00,"[5000, 10000)",25.0
2021-06-04 03:50:00,"[10000, 16500)",0.0
2021-06-04 03:55:00,"[5000, 10000)",25.0
2021-06-04 03:55:00,"[10000, 16500)",0.0
2021-06-04 04:00:00,"[5000, 10000)",25.0
2021-06-04 04:00:00,"[10000, 16500)",0.0
2021-06-04 04:05:00,"[5000, 10000)",40.0
2021-06-04 04:05:00,"[10000, 16500)",15.0
2021-06-04 04:10:00,"[5000, 10000)",25.0
2021-06-04 04:10:00,"[10000, 16500)",0.0
2021-06-04 04:15:00,"[5000, 10000)",25.0
2021-06-04 04:15:00,"[10000, 16500)",0.0
2021-06-04 04:20:00,"[5000, 10000)",25.0
2021-06-04 04:20:00,"[10000, 16500)",0.0
2021-06-04 04:25:00,"[5000, 10000)",25.0
2021-06-04 04:25:00,"[10000, 16500)",0.0
2021-06-04 04:30:00,"[5000, 10000)",25.0
2021-06-04 04:30:00,"[10000, 16500)",0.0
2021-06-04 04:35:00,"[5000, 10000)",40.0
2021-06-04 04:35:00,"[10000, 16500)",15.0
2021-06-04 04:40:00,"[5000, 10000)",25.0
2021-06-04 04:40:00,"[10000, 16500)",0.0
2021-06-04 04:45:00,"[5000, 10000)",25.0
2021-06-04 04:45:00,"[10000, 16500)",0.0
2021-06-04 04:50:00,"[5000, 10000)",25.0
2021-06-04 04:50:00,"[10000, 16500)",0.0
2021-06-04 04:55:00,"[5000, 10000)",25.0
2021-06-04 04:55:00,"[10000, 16500)",0.0
2021-06-04 05:00:00,"[5000, 10000)",25.0
2021-06-04 05:00:00,"[10000, 16500)",0.0
2021-06-04 05:05:00,"[200, 300)",15.0
2021-06-04 05:05:00,"[300, 500)",20.0
2021-06-04 05:05:00,"[5000, 10000)",40.0
2021-06-04 05:05:00,"[10000, 16500)",35.0
2021-06-04 05:10:00,"[200, 300)",15.0
2021-06-04 05:10:00,"[300, 500)",20.0
2021-06-04 05:10:00,"[5000, 10000)",25.0
2021-06-04 05:10:00,"[10000, 16500)",20.0
2021-06-04 05:15:00,"[200, 300)",15.0
2021-06-04 05:15:00,"[300, 500)",20.0
2021-06-04 05:15:00,"[5000, 10000)",25.0
2021-06-04 05:15:00,"[10000, 16500)",20.0
2021-06-04 05:20:00,"[200, 300)",15.0
2021-06-04 05:20:00,"[300, 500)",20.0
2021-06-04 05:20:00,"[5000, 10000)",25.0
2021-06-04 05:20:00,"[10000, 16500)",20.0
2021-06-04 05:25:00,"[200, 300)",15.0
2021-06-04 05:25:00,"[300, 500)",20.0
2021-06-04 05:25:00,"[5000, 10000)",25.0
2021-06-04 05:25:00,"[10000, 16500)",20.0
2021-06-04 05:30:00,"[200, 300)",15.0
2021-06-04 05:30:00,"[300, 500)",20.0
2021-06-04 05:30:00,"[5000, 10000)",25.0
2021-06-04 05:30:00,"[10000, 16500)",20.0
2021-06-04 05:35:00,"[50, 100)",16.0
2021-06-04 05:35:00,"[100, 200)",10.0
2021-06-04 05:35:00,"[300, 500)",20.0
2021-06-04 05:35:00,"[5000, 10000)",40.0
2021-06-04 05:35:00,"[10000, 16500)",24.0
2021-06-04 05:40:00,"[50, 100)",15.0
2021-06-04 05:40:00,"[100, 200)",10.0
2021-06-04 05:40:00,"[300, 500)",20.0
2021-06-04 05:40:00,"[5000, 10000)",25.0
2021-06-04 05:40:00,"[10000, 16500)",10.0
2021-06-04 05:45:00,"[50, 100)",15.0
2021-06-04 05:45:00,"[100, 200)",10.0
2021-06-04 05:45:00,"[300, 500)",20.0
2021-06-04 05:45:00,"[5000, 10000)",25.0
2021-06-04 05:45:00,"[10000, 16500)",10.0
2021-06-04 05:50:00,"[50, 100)",15.0
2021-06-04 05:50:00,"[100, 200)",10.0
2021-06-04 05:50:00,"[300, 500)",20.0
2021-06-04 05:50:00,"[5000, 10000)",25.0
2021-06-04 05:50:00,"[10000, 16500)",10.0
2021-06-04 05:55:00,"[50, 100)",15.0
2021-06-04 05:55:00,"[100, 200)",10.0
2021-06-04 05:55:00,"[300, 500)",20.0
2021-06-04 05:55:00,"[5000, 10000)",25.0
2021-06-04 05:55:00,"[10000, 16500)",10.0
2021-06-04 06:00:00,"[50, 100)",15.0
2021-06-04 06:00:00,"[100, 200)",10.0
2021-06-04 06:00:00,"[300, 500)",20.0
2021-06-04 06:00:00,"[5000, 10000)",25.0
2021-06-04 06:00:00,"[10000, 16500)",10.0
2021-06-04 06:05:00,"[50, 100)",26.0
2021-06-04 06:05:00,"[100, 200)",10.0
2021-06-04 06:05:00,"[300, 500)",20.0
2021-06-04 06:05:00,"[5000, 10000)",40.0
2021-06-04 06:05:00,"[10000, 16500)",14.0
2021-06-04 06:10:00,"[50, 100)",25.0
2021-06-04 06:10:00,"[100, 200)",10.0
2021-06-04 06:10:00,"[300, 500)",20.0
2021-06-04 06:10:00,"[5000, 10000)",25.0
2021-06-04 06:10:00,"[10000, 16500)",0.0
2021-06-04 06:15:00,"[50, 100)",25.0
2021-06-04 06:15:00,"[100, 200)",10.0
2021-06-04 06:15:00,"[300, 500)",20.0
2021-06-04 06:15:00,"[5000, 10000)",25.0
2021-06-04 06:15:00,"[10000, 16500)",0.0
2021-06-04 06:20:00,"[50, 100)",25.0
2021-06-04 06:20:00,"[100, 200)",10.0
2021-06-04 06:20:00,"[300, 500)",20.0
2021-06-04 06:20:00,"[5000, 10000)",25.0
2021-06-04 06:20:00,"[10000, 16500)",0.0
2021-06-04 06:25:00,"[50, 100)",25.0
2021-06-04 06:25:00,"[100, 200)",10.0
2021-06-04 06:25:00,"[300, 500)",20.0
2021-06-04 06:25:00,"[5000, 10000)",25.0
2021-06-04 06:25:00,"[10000, 16500)",0.0
2021-06-04 06:30:00,"[50, 100)",25.0
2021-06-04 06:30:00,"[100, 200)",10.0
2021-06-04 06:30:00,"[300, 500)",20.0
2021-06-04 06:30:00,"[5000, 10000)",25.0
2021-06-04 06:30:00,"[10000, 16500)",0.0
2021-06-04 06:35:00,"[0, 50)",5.0
2021-06-04 06:35:00,"[50, 100)",21.0
2021-06-04 06:35:00,"[100, 200)",10.0
2021-06-04 06:35:00,"[300, 500)",20.0
2021-06-04 06:35:00,"[5000, 10000)",40.0
2021-06-04 06:35:00,"[10000, 16500)",14.0
2021-06-04 06:40:00,"[0, 50)",5.0
2021-06-04 06:40:00,"[50, 100)",20.0
2021-06-04 06:40:00,"[100, 200)",10.0
2021-06-04 06:40:00,"[300, 500)",20.0
2021-06-04 06:40:00,"[5000, 10000)",25.0
2021-06-04 06:40:00,"[10000, 16500)",0.0
2021-06-04 06:45:00,"[0, 50)",5.0
2021-06-04 06:45:00,"[50, 100)",20.0
2021-06-04 06:45:00,"[100, 200)",10.0
2021-06-04 06:45:00,"[300, 500)",20.0
2021-06-04 06:45:00,"[5000, 10000)",25.0
2021-06-04 06:45:00,"[10000, 16500)",0.0
2021-06-04 06:50:00,"[0, 50)",5.0
2021-06-04 06:50:00,"[50, 100)",20.0
2021-06-04 06:50:00,"[100, 200)",10.0
2021-06-04 06:50:00,"[300, 500)",20.0
2021-06-04 06:50:00,"[5000, 10000)",25.0
2021-06-04 06:50:00,"[10000, 16500)",0.0
2021-06-04 06:55:00,"[0, 50)",5.0
2021-06-04 06:55:00,"[50, 100)",20.0
2021-06-04 06:55:00,"[100, 200)",10.0
2021-06-04 06:55:00,"[300, 500)",20.0
2021-06-04 06:55:00,"[5000, 10000)",25.0
2021-06-04 06:55:00,"[10000, 16500)",0.0
2021-06-04 07:00:00,"[0, 50)",5.0
2021-06-04 07:00:00,"[50, 100)",20.0
2021-06-04 07:00:00,"[100, 200)",10.0
2021-06-04 07:00:00,"[300, 500)",20.0
2021-06-04 07:00:00,"[5000, 10000)",25.0
2021-06-04 07:00:00,"[10000, 16500)",0.0
2021-06-04 07:05:00,"[0, 50)",5.0
2021-06-04 07:05:00,"[50, 100)",21.0
2021-06-04 07:05:00,"[100, 200)",10.0
2021-06-04 07:05:00,"[300, 500)",20.0
2021-06-04 07:05:00,"[5000, 10000)",40.0
2021-06-04 07:05:00,"[10000, 16500)",14.0
2021-06-04 07:10:00,"[0, 50)",5.0
2021-06-04 07:10:00,"[50, 100)",20.0
2021-06-04 07:10:00,"[100, 200)",10.0
2021-06-04 07:10:00,"[300, 500)",20.0
2021-06-04 07:10:00,"[5000, 10000)",25.0
2021-06-04 07:10:00,"[10000, 16500)",0.0
2021-06-04 07:15:00,"[0, 50)",5.0
2021-06-04 07:15:00,"[50, 100)",20.0
2021-06-04 07:15:00,"[100, 200)",10.0
2021-06-04 07:15:00,"[300, 500)",20.0
2021-06-04 07:15:00,"[5000, 10000)",25.0
2021-06-04 07:15:00,"[10000, 16500)",0.0
2021-06-04 07:20:00,"[0, 50)",5.0
2021-06-04 07:20:00,"[50, 100)",20.0
2021-06-04 07:20:00,"[100, 200)",10.0
2021-06-04 07:20:00,"[300, 500)",20.0
2021-06-04 07:20:00,"[5000, 10000)",25.0
2021-06-04 07:20:00,"[10000, 16500)",0.0
2021-06-04 07:25:00,"[0, 50)",5.0
2021-06-04 07:25:00,"[50, 100)",20.0
2021-06-04 07:25:00,"[100, 200)",10.0
2021-06-04 07:25:00,"[300, 500)",20.0
2021-06-04 07:25:00,"[5000, 10000)",25.0
2021-06-04 07:25:00,"[10000, 16500)",0.0
2021-06-04 07:30:00,"[0, 50)",5.0
2021-06-04 07:30:00,"[50, 100)",20.0
2021-06-04 07:30:00,"[100, 200)",10.0
2021-06-04 07:30:00,"[300, 500)",20.0
2021-06-04 07:30:00,"[5000, 10000)",25.0
2021-06-04 07:30:00,"[10000, 16500)",0.0
2021-06-04 07:35:00,"[0, 50)",5.0
2021-06-04 07:35:00,"[50, 100)",20.0
2021-06-04 07:35:00,"[100, 200)",10.0
2021-06-04 07:35:00,"[300, 500)",20.0
2021-06-04 07:35:00,"[5000, 10000)",40.0
2021-06-04 07:35:00,"[10000, 16500)",15.0
2021-06-04 07:40:00,"[0, 50)",5.0
2021-06-04 07:40:00,"[50, 100)",20.0
2021-06-04 07:40:00,"[100, 200)",10.0
2021-06-04 07:40:00,"[300, 500)",20.0
2021-06-04 07:40:00,"[5000, 10000)",25.0
2021-06-04 07:40:00,"[10000, 16500)",0.0
2021-06-04 07:45:00,"[-2000, -100)",4.0
2021-06-04 07:45:00,"[-100, 0)",4.0
2021-06-04 07:45:00,"[0, 50)",10.0
2021-06-04 07:45:00,"[50, 100)",20.0
2021-06-04 07:45:00,"[100, 200)",10.0
2021-06-04 07:45:00,"[300, 500)",20.0
2021-06-04 07:45:00,"[5000, 10000)",12.0
2021-06-04 07:45:00,"[10000, 16500)",0.0
2021-06-04 07:50:00,"[-2000, -100)",5.0
2021-06-04 07:50:00,"[-100, 0)",5.0
2021-06-04 07:50:00,"[0, 50)",12.0
2021-06-04 07:50:00,"[50, 100)",20.0
2021-06-04 07:50:00,"[100, 200)",10.0
2021-06-04 07:50:00,"[300, 500)",20.0
2021-06-04 07:50:00,"[5000, 10000)",8.0
2021-06-04 07:50:00,"[10000, 16500)",0.0
2021-06-04 07:55:00,"[-2000, -100)",4.0
2021-06-04 07:55:00,"[-100, 0)",4.0
2021-06-04 07:55:00,"[0, 50)",10.0
2021-06-04 07:55:00,"[50, 100)",20.0
2021-06-04 07:55:00,"[100, 200)",10.0
2021-06-04 07:55:00,"[300, 500)",20.0
2021-06-04 07:55:00,"[5000, 10000)",12.0
2021-06-04 07:55:00,"[10000, 16500)",0.0
2021-06-04 08:00:00,"[0, 50)",5.0
2021-06-04 08:00:00,"[50, 100)",20.0
2021-06-04 08:00:00,"[100, 200)",10.0
2021-06-04 08:00:00,"[300, 500)",20.0
2021-06-04 08:00:00,"[5000, 10000)",25.0
2021-06-04 08:00:00,"[10000, 16500)",0.0
2021-06-04 08:05:00,"[0, 50)",5.0
2021-06-04 08:05:00,"[50, 100)",20.0
2021-06-04 08:05:00,"[100, 200)",10.0
2021-06-04 08:05:00,"[300, 500)",20.0
2021-06-04 08:05:00,"[5000, 10000)",40.0
2021-06-04 08:05:00,"[10000, 16500)",15.0
2021-06-04 08:10:00,"[0, 50)",5.0
2021-06-04 08:10:00,"[50, 100)",20.0
2021-06-04 08:10:00,"[100, 200)",10.0
2021-06-04 08:10:00,"[300, 500)",20.0
2021-06-04 08:10:00,"[5000, 10000)",25.0
2021-06-04 08:10:00,"[10000, 16500)",0.0
2021-06-04 08:15:00,"[0, 50)",5.0
2021-06-04 08:15:00,"[50, 100)",20.0
2021-06-04 08:15:00,"[100, 200)",10.0
2021-06-04 08:15:00,"[300, 500)",20.0
2021-06-04 08:15:00,"[5000, 10000)",25.0
2021-06-04 08:15:00,"[10000, 16500)",0.0
2021-06-04 08:20:00,"[0, 50)",5.0
2021-06-04 08:20:00,"[50, 100)",20.0
2021-06-04 08:20:00,"[100, 200)",10.0
2021-06-04 08:20:00,"[300, 500)",20.0
2021-06-04 08:20:00,"[5000, 10000)",25.0
2021-06-04 08:20:00,"[10000, 16500)",0.0
2021-06-04 08:25:00,"[0, 50)",5.0
2021-06-04 08:25:00,"[50, 100)",20.0
2021-06-04 08:25:00,"[100, 200)",10.0
2021-06-04 08:25:00,"[300, 500)",20.0
2021-06-04 08:25:00,"[5000, 10000)",25.0
2021-06-04 08:25:00,"[10000, 16500)",0.0
2021-06-04 08:30:00,"[0, 50)",5.0
2021-06-04 08:30:00,"[50, 100)",20.0
2021-06-04 08:30:00,"[100, 200)",10.0
2021-06-04 08:30:00,"[300, 500)",20.0
2021-06-04 08:30:00,"[5000, 10000)",25.0
2021-06-04 08:30:00,"[10000, 16500)",0.0
2021-06-04 08:35:00,"[50, 100)",15.0
2021-06-04 08:35:00,"[100, 200)",10.0
2021-06-04 08:35:00,"[300, 500)",15.0
2021-06-04 08:35:00,"[5000, 10000)",40.0
2021-06-04 08:35:00,"[10000, 16500)",25.0
2021-06-04 08:40:00,"[50, 100)",15.0
2021-06-04 08:40:00,"[100, 200)",10.0
2021-06-04 08:40:00,"[300, 500)",15.0
2021-06-04 08:40:00,"[5000, 10000)",25.0
2021-06-04 08:40:00,"[10000, 16500)",10.0
2021-06-04 08:45:00,"[50, 100)",15.0
2021-06-04 08:45:00,"[100, 200)",10.0
2021-06-04 08:45:00,"[300, 500)",15.0
2021-06-04 08:45:00,"[5000, 10000)",25.0
2021-06-04 08:45:00,"[10000, 16500)",10.0
2021-06-04 08:50:00,"[50, 100)",15.0
2021-06-04 08:50:00,"[100, 200)",10.0
2021-06-04 08:50:00,"[300, 500)",15.0
2021-06-04 08:50:00,"[5000, 10000)",25.0
2021-06-04 08:50:00,"[10000, 16500)",10.0
2021-06-04 08:55:00,"[50, 100)",15.0
2021-06-04 08:55:00,"[100, 200)",10.0
2021-06-04 08:55:00,"[300, 500)",15.0
2021-06-04 08:55:00,"[5000, 10000)",25.0
2021-06-04 08:55:00,"[10000, 16500)",10.0
2021-06-04 09:00:00,"[50, 100)",15.0
2021-06-04 09:00:00,"[100, 200)",10.0
2021-06-04 09:00:00,"[300, 500)",15.0
2021-06-04 09:00:00,"[5000, 10000)",25.0
2021-06-04 09:00:00,"[10000, 16500)",10.0
2021-06-04 09:05:00,"[200, 300)",15.0
2021-06-04 09:05:00,"[300, 500)",10.0
2021-06-04 09:05:00,"[5000, 10000)",40.0
2021-06-04 09:05:00,"[10000, 16500)",35.0
2021-06-04 09:10:00,"[200, 300)",15.0
2021-06-04 09:10:00,"[300, 500)",10.0
2021-06-04 09:10:00,"[5000, 10000)",25.0
2021-06-04 09:10:00,"[10000, 16500)",20.0
2021-06-04 09:15:00,"[200, 300)",15.0
2021-06-04 09:15:00,"[300, 500)",10.0
2021-06-04 09:15:00,"[5000, 10000)",25.0
2021-06-04 09:15:00,"[10000, 16500)",20.0
2021-06-04 09:20:00,"[200, 300)",15.0
2021-06-04 09:20:00,"[300, 500)",10.0
2021-06-04 09:20:00,"[5000, 10000)",25.0
2021-06-04 09:20:00,"[10000, 16500)",20.0
2021-06-04 09:25:00,"[200, 300)",15.0
2021-06-04 09:25:00,"[300, 500)",10.0
2021-06-04 09:25:00,"[5000, 10000)",25.0
2021-06-04 09:25:00,"[10000, 16500)",20.0
2021-06-04 09:30:00,"[200, 300)",15.0
2021-06-04 09:30:00,"[300, 500)",10.0
2021-06-04 09:30:00,"[5000, 10000)",25.0
2021-06-04 09:30:00,"[10000, 16500)",20.0
2021-06-04 09:35:00,"[5000, 10000)",40.0
2021-06-04 09:35:00,"[10000, 16500)",55.0
2021-06-04 09:40:00,"[5000, 10000)",25.0
2021-06-04 09:40:00,"[10000, 16500)",40.0
2021-06-04 09:45:00,"[5000, 10000)",25.0
2021-06-04 09:45:00,"[10000, 16500)",40.0
2021-06-04 09:50:00,"[5000, 10000)",25.0
2021-06-04 09:50:00,"[10000, 16500)",40.0
2021-06-04 09:55:00,"[5000, 10000)",25.0
2021-06-04 09:55:00,"[10000, 16500)",40.0
2021-06-04 10:00:00,"[5000, 10000)",40.0
2021-06-04 10:00:00,"[10000, 16500)",49.0
2021-06-04 10:05:00,"[5000, 10000)",40.0
2021-06-04 10:05:00,"[10000, 16500)",47.0
2021-06-04 10:10:00,"[5000, 10000)",40.0
2021-06-04 10:10:00,"[10000, 16500)",48.0
2021-06-04 10:15:00,"[5000, 10000)",40.0
2021-06-04 10:15:00,"[10000, 16500)",48.0
2021-06-04 10:20:00,"[5000, 10000)",40.0
2021-06-04 10:20:00,"[10000, 16500)",48.0
2021-06-04 10:25:00,"[5000, 10000)",40.0
2021-06-04 10:25:00,"[10000, 16500)",48.0
2021-06-04 10:30:00,"[5000, 10000)",40.0
2021-06-04 10:30:00,"[10000, 16500)",48.0
2021-06-04 10:35:00,"[5000, 10000)",40.0
2021-06-04 10:35:00,"[10000, 16500)",46.0
2021-06-04 10:40:00,"[5000, 10000)",40.0
2021-06-04 10:40:00,"[10000, 16500)",48.0
2021-06-04 10:45:00,"[5000, 10000)",40.0
2021-06-04 10:45:00,"[10000, 16500)",48.0
2021-06-04 10:50:00,"[5000, 10000)",40.0
2021-06-04 10:50:00,"[10000, 16500)",48.0
2021-06-04 10:55:00,"[5000, 10000)",40.0
2021-06-04 10:55:00,"[10000, 16500)",48.0
2021-06-04 11:00:00,"[5000, 10000)",40.0
2021-06-04 11:00:00,"[10000, 16500)",48.0
2021-06-04 11:05:00,"[5000, 10000)",40.0
2021-06-04 11:05:00,"[10000, 16500)",46.0
2021-06-04 11:10:00,"[5000, 10000)",40.0
2021-06-04 11:10:00,"[10000, 16500)",48.0
2021-06-04 11:15:00,"[5000, 10000)",40.0
2021-06-04 11:15:00,"[10000, 16500)",47.0
2021-06-04 11:20:00,"[5000, 10000)",40.0
2021-06-04 11:20:00,"[10000, 16500)",47.0
2021-06-04 11:25:00,"[5000, 10000)",40.0
2021-06-04 11:25:00,"[10000, 16500)",47.0
2021-06-04 11:30:00,"[5000, 10000)",40.0
2021-06-04 11:30:00,"[10000, 16500)",47.0
2021-06-04 11:35:00,"[5000, 10000)",40.0
2021-06-04 11:35:00,"[10000, 16500)",45.0
2021-06-04 11:40:00,"[5000, 10000)",40.0
2021-06-04 11:40:00,"[10000, 16500)",47.0
2021-06-04 11:45:00,"[5000, 10000)",40.0
2021-06-04 11:45:00,"[10000, 16500)",47.0
2021-06-04 11:50:00,"[5000, 10000)",40.0
2021-06-04 11:50:00,"[10000, 16500)",47.0
2021-06-04 11:55:00,"[5000, 10000)",40.0
2021-06-04 11:55:00,"[10000, 16500)",46.0
2021-06-04 12:00:00,"[5000, 10000)",40.0
2021-06-04 12:00:00,"[10000, 16500)",46.0
2021-06-04 12:05:00,"[5000, 10000)",40.0
2021-06-04 12:05:00,"[10000, 16500)",44.0
2021-06-04 12:10:00,"[5000, 10000)",40.0
2021-06-04 12:10:00,"[10000, 16500)",41.0
2021-06-04 12:15:00,"[5000, 10000)",40.0
2021-06-04 12:15:00,"[10000, 16500)",44.0
2021-06-04 12:20:00,"[5000, 10000)",40.0
2021-06-04 12:20:00,"[10000, 16500)",48.0
2021-06-04 12:25:00,"[5000, 10000)",40.0
2021-06-04 12:25:00,"[10000, 16500)",52.0
2021-06-04 12:30:00,"[5000, 10000)",40.0
2021-06-04 12:30:00,"[10000, 16500)",55.0
2021-06-04 12:35:00,"[5000, 10000)",39.0
2021-06-04 12:35:00,"[10000, 16500)",55.0
2021-06-04 12:40:00,"[5000, 10000)",39.0
2021-06-04 12:40:00,"[10000, 16500)",55.0
2021-06-04 12:45:00,"[5000, 10000)",39.0
2021-06-04 12:45:00,"[10000, 16500)",55.0
2021-06-04 12:50:00,"[5000, 10000)",39.0
2021-06-04 12:50:00,"[10000, 16500)",55.0
2021-06-04 12:55:00,"[5000, 10000)",39.0
2021-06-04 12:55:00,"[10000, 16500)",55.0
2021-06-04 13:00:00,"[5000, 10000)",39.0
2021-06-04 13:00:00,"[10000, 16500)",55.0
2021-06-04 13:05:00,"[5000, 10000)",39.0
2021-06-04 13:05:00,"[10000, 16500)",55.0
2021-06-04 13:10:00,"[5000, 10000)",39.0
2021-06-04 13:10:00,"[10000, 16500)",55.0
2021-06-04 13:15:00,"[5000, 10000)",39.0
2021-06-04 13:15:00,"[10000, 16500)",55.0
2021-06-04 13:20:00,"[5000, 10000)",39.0
2021-06-04 13:20:00,"[10000, 16500)",55.0
2021-06-04 13:25:00,"[5000, 10000)",39.0
2021-06-04 13:25:00,"[10000, 16500)",55.0
2021-06-04 13:30:00,"[5000, 10000)",39.0
2021-06-04 13:30:00,"[10000, 16500)",55.0
2021-06-04 13:35:00,"[5000, 10000)",40.0
2021-06-04 13:35:00,"[10000, 16500)",55.0
2021-06-04 13:40:00,"[5000, 10000)",40.0
2021-06-04 13:40:00,"[10000, 16500)",55.0
2021-06-04 13:45:00,"[5000, 10000)",40.0
2021-06-04 13:45:00,"[10000, 16500)",55.0
2021-06-04 13:50:00,"[5000, 10000)",40.0
2021-06-04 13:50:00,"[10000, 16500)",55.0
2021-06-04 13:55:00,"[5000, 10000)",40.0
2021-06-04 13:55:00,"[10000, 16500)",55.0
2021-06-04 14:00:00,"[5000, 10000)",40.0
2021-06-04 14:00:00,"[10000, 16500)",55.0
2021-06-04 14:05:00,"[5000, 10000)",40.0
2021-06-04 14:05:00,"[10000, 16500)",55.0
2021-06-04 14:10:00,"[5000, 10000)",40.0
2021-06-04 14:10:00,"[10000, 16500)",55.0
2021-06-04 14:15:00,"[5000, 10000)",40.0
2021-06-04 14:15:00,"[10000, 16500)",55.0
2021-06-04 14:20:00,"[5000, 10000)",40.0
2021-06-04 14:20:00,"[10000, 16500)",55.0
2021-06-04 14:25:00,"[5000, 10000)",40.0
2021-06-04 14:25:00,"[10000, 16500)",55.0
2021-06-04 14:30:00,"[5000, 10000)",40.0
2021-06-04 14:30:00,"[10000, 16500)",55.0
2021-06-04 14:35:00,"[5000, 10000)",40.0
2021-06-04 14:35:00,"[10000, 16500)",55.0
2021-06-04 14:40:00,"[5000, 10000)",40.0
2021-06-04 14:40:00,"[10000, 16500)",55.0
2021-06-04 14:45:00,"[5000, 10000)",40.0
2021-06-04 14:45:00,"[10000, 16500)",55.0
2021-06-04 14:50:00,"[5000, 10000)",40.0
2021-06-04 14:50:00,"[10000, 16500)",55.0
2021-06-04 14:55:00,"[5000, 10000)",40.0
2021-06-04 14:55:00,"[10000, 16500)",55.0
2021-06-04 15:00:00,"[5000, 10000)",40.0
2021-06-04 15:00:00,"[10000, 16500)",55.0
2021-06-04 15:05:00,"[50, 100)",5.0
2021-06-04 15:05:00,"[100, 200)",5.0
2021-06-04 15:05:00,"[300, 500)",0.0
2021-06-04 15:05:00,"[5000, 10000)",40.0
2021-06-04 15:05:00,"[10000, 16500)",45.0
2021-06-04 15:10:00,"[50, 100)",5.0
2021-06-04 15:10:00,"[100, 200)",5.0
2021-06-04 15:10:00,"[300, 500)",0.0
2021-06-04 15:10:00,"[5000, 10000)",40.0
2021-06-04 15:10:00,"[10000, 16500)",45.0
2021-06-04 15:15:00,"[50, 100)",5.0
2021-06-04 15:15:00,"[100, 200)",5.0
2021-06-04 15:15:00,"[300, 500)",0.0
2021-06-04 15:15:00,"[5000, 10000)",40.0
2021-06-04 15:15:00,"[10000, 16500)",45.0
2021-06-04 15:20:00,"[50, 100)",5.0
2021-06-04 15:20:00,"[100, 200)",5.0
2021-06-04 15:20:00,"[300, 500)",0.0
2021-06-04 15:20:00,"[5000, 10000)",40.0
2021-06-04 15:20:00,"[10000, 16500)",45.0
2021-06-04 15:25:00,"[50, 100)",5.0
2021-06-04 15:25:00,"[100, 200)",5.0
2021-06-04 15:25:00,"[300, 500)",0.0
2021-06-04 15:25:00,"[5000, 10000)",40.0
2021-06-04 15:25:00,"[10000, 16500)",45.0
2021-06-04 15:30:00,"[50, 100)",5.0
2021-06-04 15:30:00,"[100, 200)",5.0
2021-06-04 15:30:00,"[300, 500)",0.0
2021-06-04 15:30:00,"[5000, 10000)",40.0
2021-06-04 15:30:00,"[10000, 16500)",45.0
2021-06-04 15:35:00,"[50, 100)",5.0
2021-06-04 15:35:00,"[100, 200)",10.0
2021-06-04 15:35:00,"[300, 500)",0.0
2021-06-04 15:35:00,"[5000, 10000)",40.0
2021-06-04 15:35:00,"[10000, 16500)",45.0
2021-06-04 15:40:00,"[50, 100)",5.0
2021-06-04 15:40:00,"[100, 200)",10.0
2021-06-04 15:40:00,"[300, 500)",0.0
2021-06-04 15:40:00,"[5000, 10000)",40.0
2021-06-04 15:40:00,"[10000, 16500)",45.0
2021-06-04 15:45:00,"[50, 100)",5.0
2021-06-04 15:45:00,"[100, 200)",10.0
2021-06-04 15:45:00,"[300, 500)",0.0
2021-06-04 15:45:00,"[5000, 10000)",40.0
2021-06-04 15:45:00,"[10000, 16500)",45.0
2021-06-04 15:50:00,"[50, 100)",5.0
2021-06-04 15:50:00,"[100, 200)",10.0
2021-06-04 15:50:00,"[300, 500)",0.0
2021-06-04 15:50:00,"[5000, 10000)",40.0
2021-06-04 15:50:00,"[10000, 16500)",45.0
2021-06-04 15:55:00,"[50, 100)",5.0
2021-06-04 15:55:00,"[100, 200)",10.0
2021-06-04 15:55:00,"[300, 500)",0.0
2021-06-04 15:55:00,"[5000, 10000)",40.0
2021-06-04 15:55:00,"[10000, 16500)",45.0
2021-06-04 16:00:00,"[50, 100)",5.0
2021-06-04 16:00:00,"[100, 200)",10.0
2021-06-04 16:00:00,"[300, 500)",0.0
2021-06-04 16:00:00,"[5000, 10000)",40.0
2021-06-04 16:00:00,"[10000, 16500)",45.0
2021-06-04 16:05:00,"[50, 100)",15.0
2021-06-04 16:05:00,"[300, 500)",15.0
2021-06-04 16:05:00,"[5000, 10000)",40.0
2021-06-04 16:05:00,"[10000, 16500)",35.0
2021-06-04 16:10:00,"[50, 100)",15.0
2021-06-04 16:10:00,"[300, 500)",15.0
2021-06-04 16:10:00,"[5000, 10000)",40.0
2021-06-04 16:10:00,"[10000, 16500)",35.0
2021-06-04 16:15:00,"[50, 100)",15.0
2021-06-04 16:15:00,"[300, 500)",15.0
2021-06-04 16:15:00,"[5000, 10000)",40.0
2021-06-04 16:15:00,"[10000, 16500)",35.0
2021-06-04 16:20:00,"[50, 100)",15.0
2021-06-04 16:20:00,"[300, 500)",15.0
2021-06-04 16:20:00,"[5000, 10000)",40.0
2021-06-04 16:20:00,"[10000, 16500)",35.0
2021-06-04 16:25:00,"[50, 100)",15.0
2021-06-04 16:25:00,"[300, 500)",15.0
2021-06-04 16:25:00,"[5000, 10000)",40.0
2021-06-04 16:25:00,"[10000, 16500)",35.0
2021-06-04 16:30:00,"[50, 100)",15.0
2021-06-04 16:30:00,"[300, 500)",15.0
2021-06-04 16:30:00,"[5000, 10000)",40.0
2021-06-04 16:30:00,"[10000, 16500)",35.0
2021-06-04 16:35:00,"[50, 100)",15.0
2021-06-04 16:35:00,"[100, 200)",10.0
2021-06-04 16:35:00,"[300, 500)",20.0
2021-06-04 16:35:00,"[5000, 10000)",40.0
2021-06-04 16:35:00,"[10000, 16500)",25.0
2021-06-04 16:40:00,"[50, 100)",15.0
2021-06-04 16:40:00,"[100, 200)",10.0
2021-06-04 16:40:00,"[300, 500)",20.0
2021-06-04 16:40:00,"[5000, 10000)",40.0
2021-06-04 16:40:00,"[10000, 16500)",25.0
2021-06-04 16:45:00,"[50, 100)",15.0
2021-06-04 16:45:00,"[100, 200)",10.0
2021-06-04 16:45:00,"[300, 500)",20.0
2021-06-04 16:45:00,"[5000, 10000)",40.0
2021-06-04 16:45:00,"[10000, 16500)",25.0
2021-06-04 16:50:00,"[50, 100)",15.0
2021-06-04 16:50:00,"[100, 200)",10.0
2021-06-04 16:50:00,"[300, 500)",20.0
2021-06-04 16:50:00,"[5000, 10000)",40.0
2021-06-04 16:50:00,"[10000, 16500)",25.0
2021-06-04 16:55:00,"[50, 100)",15.0
2021-06-04 16:55:00,"[100, 200)",10.0
2021-06-04 16:55:00,"[300, 500)",20.0
2021-06-04 16:55:00,"[5000, 10000)",40.0
2021-06-04 16:55:00,"[10000, 16500)",25.0
2021-06-04 17:00:00,"[50, 100)",15.0
2021-06-04 17:00:00,"[100, 200)",10.0
2021-06-04 17:00:00,"[300, 500)",20.0
2021-06-04 17:00:00,"[5000, 10000)",40.0
2021-06-04 17:00:00,"[10000, 16500)",25.0
2021-06-04 17:05:00,"[-2000, -100)",8.0
2021-06-04 17:05:00,"[-100, 0)",8.0
2021-06-04 17:05:00,"[0, 50)",14.0
2021-06-04 17:05:00,"[50, 100)",20.0
2021-06-04 17:05:00,"[100, 200)",10.0
2021-06-04 17:05:00,"[300, 500)",20.0
2021-06-04 17:05:00,"[5000, 10000)",15.0
2021-06-04 17:05:00,"[10000, 16500)",15.0
2021-06-04 17:10:00,"[-2000, -100)",8.0
2021-06-04 17:10:00,"[-100, 0)",8.0
2021-06-04 17:10:00,"[0, 50)",14.0
2021-06-04 17:10:00,"[50, 100)",20.0
2021-06-04 17:10:00,"[100, 200)",10.0
2021-06-04 17:10:00,"[300, 500)",20.0
2021-06-04 17:10:00,"[5000, 10000)",15.0
2021-06-04 17:10:00,"[10000, 16500)",15.0
2021-06-04 17:15:00,"[0, 50)",5.0
2021-06-04 17:15:00,"[50, 100)",20.0
2021-06-04 17:15:00,"[100, 200)",10.0
2021-06-04 17:15:00,"[300, 500)",20.0
2021-06-04 17:15:00,"[5000, 10000)",40.0
2021-06-04 17:15:00,"[10000, 16500)",15.0
2021-06-04 17:20:00,"[-2000, -100)",8.0
2021-06-04 17:20:00,"[-100, 0)",8.0
2021-06-04 17:20:00,"[0, 50)",14.0
2021-06-04 17:20:00,"[50, 100)",20.0
2021-06-04 17:20:00,"[100, 200)",10.0
2021-06-04 17:20:00,"[300, 500)",20.0
2021-06-04 17:20:00,"[5000, 10000)",15.0
2021-06-04 17:20:00,"[10000, 16500)",15.0
2021-06-04 17:25:00,"[0, 50)",13.0
2021-06-04 17:25:00,"[50, 100)",28.0
2021-06-04 17:25:00,"[100, 200)",10.0
2021-06-04 17:25:00,"[200, 300)",9.0
2021-06-04 17:25:00,"[300, 500)",20.0
2021-06-04 17:25:00,"[5000, 10000)",15.0
2021-06-04 17:25:00,"[10000, 16500)",15.0
2021-06-04 17:30:00,"[0, 50)",5.0
2021-06-04 17:30:00,"[50, 100)",20.0
2021-06-04 17:30:00,"[100, 200)",10.0
2021-06-04 17:30:00,"[300, 500)",20.0
2021-06-04 17:30:00,"[5000, 10000)",40.0
2021-06-04 17:30:00,"[10000, 16500)",15.0
2021-06-04 17:35:00,"[0, 50)",11.0
2021-06-04 17:35:00,"[50, 100)",27.0
2021-06-04 17:35:00,"[100, 200)",12.0
2021-06-04 17:35:00,"[200, 300)",8.0
2021-06-04 17:35:00,"[300, 500)",20.0
2021-06-04 17:35:00,"[5000, 10000)",20.0
2021-06-04 17:35:00,"[10000, 16500)",12.0
2021-06-04 17:40:00,"[-100, 0)",8.0
2021-06-04 17:40:00,"[0, 50)",13.0
2021-06-04 17:40:00,"[50, 100)",30.0
2021-06-04 17:40:00,"[100, 200)",12.0
2021-06-04 17:40:00,"[300, 500)",20.0
2021-06-04 17:40:00,"[5000, 10000)",15.0
2021-06-04 17:40:00,"[10000, 16500)",12.0
2021-06-04 17:45:00,"[0, 50)",5.0
2021-06-04 17:45:00,"[50, 100)",21.0
2021-06-04 17:45:00,"[100, 200)",12.0
2021-06-04 17:45:00,"[300, 500)",20.0
2021-06-04 17:45:00,"[5000, 10000)",40.0
2021-06-04 17:45:00,"[10000, 16500)",12.0
2021-06-04 17:50:00,"[0, 50)",5.0
2021-06-04 17:50:00,"[50, 100)",21.0
2021-06-04 17:50:00,"[100, 200)",12.0
2021-06-04 17:50:00,"[300, 500)",20.0
2021-06-04 17:50:00,"[5000, 10000)",40.0
2021-06-04 17:50:00,"[10000, 16500)",12.0
2021-06-04 17:55:00,"[0, 50)",5.0
2021-06-04 17:55:00,"[50, 100)",21.0
2021-06-04 17:55:00,"[100, 200)",12.0
2021-06-04 17:55:00,"[300, 500)",20.0
2021-06-04 17:55:00,"[5000, 10000)",40.0
2021-06-04 17:55:00,"[10000, 16500)",12.0
2021-06-04 18:00:00,"[0, 50)",5.0
2021-06-04 18:00:00,"[50, 100)",21.0
2021-06-04 18:00:00,"[100, 200)",12.0
2021-06-04 18:00:00,"[300, 500)",20.0
2021-06-04 18:00:00,"[5000, 10000)",40.0
2021-06-04 18:00:00,"[10000, 16500)",12.0
2021-06-04 18:05:00,"[0, 50)",5.0
2021-06-04 18:05:00,"[50, 100)",21.0
2021-06-04 18:05:00,"[100, 200)",12.0
2021-06-04 18:05:00,"[300, 500)",20.0
2021-06-04 18:05:00,"[5000, 10000)",40.0
2021-06-04 18:05:00,"[10000, 16500)",12.0
2021-06-04 18:10:00,"[0, 50)",5.0
2021-06-04 18:10:00,"[50, 100)",21.0
2021-06-04 18:10:00,"[100, 200)",12.0
2021-06-04 18:10:00,"[300, 500)",20.0
2021-06-04 18:10:00,"[5000, 10000)",40.0
2021-06-04 18:10:00,"[10000, 16500)",12.0
2021-06-04 18:15:00,"[0, 50)",5.0
2021-06-04 18:15:00,"[50, 100)",21.0
2021-06-04 18:15:00,"[100, 200)",12.0
2021-06-04 18:15:00,"[300, 500)",20.0
2021-06-04 18:15:00,"[5000, 10000)",40.0
2021-06-04 18:15:00,"[10000, 16500)",12.0
2021-06-04 18:20:00,"[0, 50)",5.0
2021-06-04 18:20:00,"[50, 100)",21.0
2021-06-04 18:20:00,"[100, 200)",12.0
2021-06-04 18:20:00,"[300, 500)",20.0
2021-06-04 18:20:00,"[5000, 10000)",40.0
2021-06-04 18:20:00,"[10000, 16500)",12.0
2021-06-04 18:25:00,"[0, 50)",5.0
2021-06-04 18:25:00,"[50, 100)",21.0
2021-06-04 18:25:00,"[100, 200)",12.0
2021-06-04 18:25:00,"[300, 500)",20.0
2021-06-04 18:25:00,"[5000, 10000)",40.0
2021-06-04 18:25:00,"[10000, 16500)",12.0
2021-06-04 18:30:00,"[0, 50)",5.0
2021-06-04 18:30:00,"[50, 100)",21.0
2021-06-04 18:30:00,"[100, 200)",12.0
2021-06-04 18:30:00,"[300, 500)",20.0
2021-06-04 18:30:00,"[5000, 10000)",40.0
2021-06-04 18:30:00,"[10000, 16500)",12.0
2021-06-04 18:35:00,"[0, 50)",5.0
2021-06-04 18:35:00,"[50, 100)",21.0
2021-06-04 18:35:00,"[100, 200)",12.0
2021-06-04 18:35:00,"[300, 500)",20.0
2021-06-04 18:35:00,"[5000, 10000)",40.0
2021-06-04 18:35:00,"[10000, 16500)",12.0
2021-06-04 18:40:00,"[0, 50)",5.0
2021-06-04 18:40:00,"[50, 100)",21.0
2021-06-04 18:40:00,"[100, 200)",12.0
2021-06-04 18:40:00,"[300, 500)",20.0
2021-06-04 18:40:00,"[5000, 10000)",40.0
2021-06-04 18:40:00,"[10000, 16500)",12.0
2021-06-04 18:45:00,"[0, 50)",5.0
2021-06-04 18:45:00,"[50, 100)",21.0
2021-06-04 18:45:00,"[100, 200)",12.0
2021-06-04 18:45:00,"[300, 500)",20.0
2021-06-04 18:45:00,"[5000, 10000)",40.0
2021-06-04 18:45:00,"[10000, 16500)",12.0
2021-06-04 18:50:00,"[0, 50)",5.0
2021-06-04 18:50:00,"[50, 100)",21.0
2021-06-04 18:50:00,"[100, 200)",12.0
2021-06-04 18:50:00,"[300, 500)",20.0
2021-06-04 18:50:00,"[5000, 10000)",40.0
2021-06-04 18:50:00,"[10000, 16500)",12.0
2021-06-04 18:55:00,"[0, 50)",0.0
2021-06-04 18:55:00,"[50, 100)",11.0
2021-06-04 18:55:00,"[100, 200)",12.0
2021-06-04 18:55:00,"[300, 500)",10.0
2021-06-04 18:55:00,"[5000, 10000)",40.0
2021-06-04 18:55:00,"[10000, 16500)",12.0
2021-06-04 19:00:00,"[0, 50)",0.0
2021-06-04 19:00:00,"[50, 100)",11.0
2021-06-04 19:00:00,"[100, 200)",12.0
2021-06-04 19:00:00,"[300, 500)",10.0
2021-06-04 19:00:00,"[5000, 10000)",40.0
2021-06-04 19:00:00,"[10000, 16500)",12.0
2021-06-04 19:05:00,"[50, 100)",1.0
2021-06-04 19:05:00,"[100, 200)",12.0
2021-06-04 19:05:00,"[300, 500)",10.0
2021-06-04 19:05:00,"[5000, 10000)",40.0
2021-06-04 19:05:00,"[10000, 16500)",22.0
2021-06-04 19:10:00,"[50, 100)",1.0
2021-06-04 19:10:00,"[100, 200)",12.0
2021-06-04 19:10:00,"[300, 500)",10.0
2021-06-04 19:10:00,"[5000, 10000)",40.0
2021-06-04 19:10:00,"[10000, 16500)",22.0
2021-06-04 19:15:00,"[50, 100)",1.0
2021-06-04 19:15:00,"[100, 200)",12.0
2021-06-04 19:15:00,"[300, 500)",10.0
2021-06-04 19:15:00,"[5000, 10000)",40.0
2021-06-04 19:15:00,"[10000, 16500)",22.0
2021-06-04 19:20:00,"[50, 100)",1.0
2021-06-04 19:20:00,"[100, 200)",12.0
2021-06-04 19:20:00,"[300, 500)",10.0
2021-06-04 19:20:00,"[5000, 10000)",40.0
2021-06-04 19:20:00,"[10000, 16500)",22.0
2021-06-04 19:25:00,"[50, 100)",1.0
2021-06-04 19:25:00,"[100, 200)",12.0
2021-06-04 19:25:00,"[300, 500)",10.0
2021-06-04 19:25:00,"[5000, 10000)",40.0
2021-06-04 19:25:00,"[10000, 16500)",22.0
2021-06-04 19:30:00,"[50, 100)",1.0
2021-06-04 19:30:00,"[100, 200)",12.0
2021-06-04 19:30:00,"[300, 500)",10.0
2021-06-04 19:30:00,"[5000, 10000)",40.0
2021-06-04 19:30:00,"[10000, 16500)",22.0
2021-06-04 19:35:00,"[50, 100)",0.0
2021-06-04 19:35:00,"[300, 500)",10.0
2021-06-04 19:35:00,"[5000, 10000)",40.0
2021-06-04 19:35:00,"[10000, 16500)",35.0
2021-06-04 19:40:00,"[50, 100)",0.0
2021-06-04 19:40:00,"[300, 500)",0.0
2021-06-04 19:40:00,"[5000, 10000)",15.0
2021-06-04 19:40:00,"[10000, 16500)",40.0
2021-06-04 19:45:00,"[50, 100)",0.0
2021-06-04 19:45:00,"[300, 500)",0.0
2021-06-04 19:45:00,"[5000, 10000)",40.0
2021-06-04 19:45:00,"[10000, 16500)",15.0
2021-06-04 19:50:00,"[50, 100)",0.0
2021-06-04 19:50:00,"[300, 500)",0.0
2021-06-04 19:50:00,"[5000, 10000)",40.0
2021-06-04 19:50:00,"[10000, 16500)",15.0
2021-06-04 19:55:00,"[50, 100)",0.0
2021-06-04 19:55:00,"[300, 500)",0.0
2021-06-04 19:55:00,"[5000, 10000)",40.0
2021-06-04 19:55:00,"[10000, 16500)",15.0
2021-06-04 20:00:00,"[50, 100)",0.0
2021-06-04 20:00:00,"[300, 500)",0.0
2021-06-04 20:00:00,"[5000, 10000)",40.0
2021-06-04 20:00:00,"[10000, 16500)",15.0
2021-06-04 20:05:00,"[5000, 10000)",40.0
2021-06-04 20:05:00,"[10000, 16500)",15.0
2021-06-04 20:10:00,"[5000, 10000)",40.0
2021-06-04 20:10:00,"[10000, 16500)",15.0
2021-06-04 20:15:00,"[0, 50)",8.0
2021-06-04 20:15:00,"[50, 100)",8.0
2021-06-04 20:15:00,"[200, 300)",9.0
2021-06-04 20:15:00,"[5000, 10000)",15.0
2021-06-04 20:15:00,"[10000, 16500)",15.0
2021-06-04 20:20:00,"[0, 50)",8.0
2021-06-04 20:20:00,"[50, 100)",8.0
2021-06-04 20:20:00,"[200, 300)",9.0
2021-06-04 20:20:00,"[5000, 10000)",15.0
2021-06-04 20:20:00,"[10000, 16500)",15.0
2021-06-04 20:25:00,"[-100, 0)",8.0
2021-06-04 20:25:00,"[0, 50)",8.0
2021-06-04 20:25:00,"[50, 100)",9.0
2021-06-04 20:25:00,"[5000, 10000)",15.0
2021-06-04 20:25:00,"[10000, 16500)",15.0
2021-06-04 20:30:00,"[-100, 0)",8.0
2021-06-04 20:30:00,"[0, 50)",8.0
2021-06-04 20:30:00,"[50, 100)",9.0
2021-06-04 20:30:00,"[5000, 10000)",15.0
2021-06-04 20:30:00,"[10000, 16500)",15.0
2021-06-04 20:35:00,"[0, 50)",8.0
2021-06-04 20:35:00,"[50, 100)",8.0
2021-06-04 20:35:00,"[200, 300)",9.0
2021-06-04 20:35:00,"[5000, 10000)",15.0
2021-06-04 20:35:00,"[10000, 16500)",15.0
2021-06-04 20:40:00,"[5000, 10000)",40.0
2021-06-04 20:40:00,"[10000, 16500)",15.0
2021-06-04 20:45:00,"[-100, 0)",4.0
2021-06-04 20:45:00,"[0, 50)",4.0
2021-06-04 20:45:00,"[50, 100)",4.0
2021-06-04 20:45:00,"[5000, 10000)",28.0
2021-06-04 20:45:00,"[10000, 16500)",15.0
2021-06-04 20:50:00,"[0, 50)",8.0
2021-06-04 20:50:00,"[50, 100)",8.0
2021-06-04 20:50:00,"[200, 300)",9.0
2021-06-04 20:50:00,"[5000, 10000)",15.0
2021-06-04 20:50:00,"[10000, 16500)",15.0
2021-06-04 20:55:00,"[-2000, -100)",8.0
2021-06-04 20:55:00,"[-100, 0)",8.0
2021-06-04 20:55:00,"[0, 50)",9.0
2021-06-04 20:55:00,"[5000, 10000)",15.0
2021-06-04 20:55:00,"[10000, 16500)",15.0
2021-06-04 21:00:00,"[-100, 0)",1.0
2021-06-04 21:00:00,"[0, 50)",1.0
2021-06-04 21:00:00,"[50, 100)",2.0
2021-06-04 21:00:00,"[5000, 10000)",36.0
2021-06-04 21:00:00,"[10000, 16500)",15.0
2021-06-04 21:05:00,"[5000, 10000)",40.0
2021-06-04 21:05:00,"[10000, 16500)",15.0
2021-06-04 21:10:00,"[5000, 10000)",40.0
2021-06-04 21:10:00,"[10000, 16500)",15.0
2021-06-04 21:15:00,"[0, 50)",8.0
2021-06-04 21:15:00,"[50, 100)",8.0
2021-06-04 21:15:00,"[200, 300)",9.0
2021-06-04 21:15:00,"[5000, 10000)",15.0
2021-06-04 21:15:00,"[10000, 16500)",15.0
2021-06-04 21:20:00,"[5000, 10000)",40.0
2021-06-04 21:20:00,"[10000, 16500)",15.0
2021-06-04 21:25:00,"[-2000, -100)",8.0
2021-06-04 21:25:00,"[-100, 0)",8.0
2021-06-04 21:25:00,"[0, 50)",9.0
2021-06-04 21:25:00,"[5000, 10000)",15.0
2021-06-04 21:25:00,"[10000, 16500)",15.0
2021-06-04 21:30:00,"[5000, 10000)",40.0
2021-06-04 21:30:00,"[10000, 16500)",15.0
2021-06-04 21:35:00,"[5000, 10000)",40.0
2021-06-04 21:35:00,"[10000, 16500)",15.0
2021-06-04 21:40:00,"[5000, 10000)",40.0
2021-06-04 21:40:00,"[10000, 16500)",15.0
2021-06-04 21:45:00,"[5000, 10000)",40.0
2021-06-04 21:45:00,"[10000, 16500)",15.0
2021-06-04 21:50:00,"[5000, 10000)",40.0
2021-06-04 21:50:00,"[10000, 16500)",15.0
2021-06-04 21:55:00,"[5000, 10000)",40.0
2021-06-04 21:55:00,"[10000, 16500)",15.0
2021-06-04 22:00:00,"[5000, 10000)",40.0
2021-06-04 22:00:00,"[10000, 16500)",15.0
2021-06-04 22:05:00,"[5000, 10000)",40.0
2021-06-04 22:05:00,"[10000, 16500)",15.0
2021-06-04 22:10:00,"[5000, 10000)",40.0
2021-06-04 22:10:00,"[10000, 16500)",15.0
2021-06-04 22:15:00,"[5000, 10000)",40.0
2021-06-04 22:15:00,"[10000, 16500)",15.0
2021-06-04 22:20:00,"[5000, 10000)",40.0
2021-06-04 22:20:00,"[10000, 16500)",15.0
2021-06-04 22:25:00,"[5000, 10000)",40.0
2021-06-04 22:25:00,"[10000, 16500)",15.0
2021-06-04 22:30:00,"[5000, 10000)",40.0
2021-06-04 22:30:00,"[10000, 16500)",15.0
2021-06-04 22:35:00,"[5000, 10000)",40.0
2021-06-04 22:35:00,"[10000, 16500)",15.0
2021-06-04 22:40:00,"[5000, 10000)",40.0
2021-06-04 22:40:00,"[10000, 16500)",15.0
2021-06-04 22:45:00,"[5000, 10000)",40.0
2021-06-04 22:45:00,"[10000, 16500)",15.0
2021-06-04 22:50:00,"[5000, 10000)",40.0
2021-06-04 22:50:00,"[10000, 16500)",15.0
2021-06-04 22:55:00,"[5000, 10000)",40.0
2021-06-04 22:55:00,"[10000, 16500)",15.0
2021-06-04 23:00:00,"[5000, 10000)",40.0
2021-06-04 23:00:00,"[10000, 16500)",15.0
2021-06-04 23:05:00,"[5000, 10000)",32.0
2021-06-04 23:05:00,"[10000, 16500)",15.0
2021-06-04 23:10:00,"[5000, 10000)",40.0
2021-06-04 23:10:00,"[10000, 16500)",15.0
2021-06-04 23:15:00,"[5000, 10000)",40.0
2021-06-04 23:15:00,"[10000, 16500)",15.0
2021-06-04 23:20:00,"[5000, 10000)",40.0
2021-06-04 23:20:00,"[10000, 16500)",15.0
2021-06-04 23:25:00,"[5000, 10000)",40.0
2021-06-04 23:25:00,"[10000, 16500)",15.0
2021-06-04 23:30:00,"[5000, 10000)",40.0
2021-06-04 23:30:00,"[10000, 16500)",15.0
2021-06-04 23:35:00,"[5000, 10000)",40.0
2021-06-04 23:35:00,"[10000, 16500)",15.0
2021-06-04 23:40:00,"[5000, 10000)",40.0
2021-06-04 23:40:00,"[10000, 16500)",15.0
2021-06-04 23:45:00,"[5000, 10000)",40.0
2021-06-04 23:45:00,"[10000, 16500)",15.0
2021-06-04 23:50:00,"[5000, 10000)",40.0
2021-06-04 23:50:00,"[10000, 16500)",15.0
2021-06-04 23:55:00,"[5000, 10000)",40.0
2021-06-04 23:55:00,"[10000, 16500)",15.0
2021-06-05 00:00:00,"[5000, 10000)",40.0
2021-06-05 00:00:00,"[10000, 16500)",15.0
2021-06-05 00:05:00,"[5000, 10000)",40.0
2021-06-05 00:05:00,"[10000, 16500)",15.0
